"","name","ko.val","ko.atp.val","ko.val.hypoxia","ko.atp.val.hypoxia"
"1","EX 2hb e",100.892303872117,100.892303872117,100.892303872117,100.892303872117
"2","EX ac e",100.892303872264,100.892303872264,100.892303872264,100.892303872264
"3","EX acac e",100.805015131021,100.805015131021,100.805015131021,100.805015131021
"4","EX akg e",100.89230387213,100.89230387213,100.89230387213,100.89230387213
"5","EX ala B e",100.89230387213,100.89230387213,100.89230387213,100.89230387213
"6","EX ala L e",100.877993597243,100.877993597243,100.877993597243,100.877993597243
"7","EX arg L e",100.875011094664,100.875011094664,100.875011094664,100.875011094664
"8","EX argsuc e",100.892303872155,100.892303872155,100.892303872155,100.892303872155
"9","EX asn L e",100.875290894535,100.875290894535,100.875290894535,100.875290894535
"10","EX asp L e",100.626298559908,100.626298559908,100.626298559908,100.626298559908
"11","EX bhb e",100.834415968281,100.834415968281,100.834415968281,100.834415968281
"12","EX bilirub e",100.892303872165,100.892303872165,100.892303872165,100.892303872165
"13","EX biomass e",0,0,0,0
"14","EX but e",100.892303872012,100.892303872012,100.892303872012,100.892303872012
"15","EX chol e",100.892303872155,100.892303872155,100.892303872155,100.892303872155
"16","EX cit e",100.89230387213,100.89230387213,100.89230387213,100.89230387213
"17","EX citr L e",100.892303872101,100.892303872101,100.892303872101,100.892303872101
"18","EX co e",100.892303871903,100.892303871903,100.892303871903,100.892303871903
"19","EX co2 e",12.9168682398835,12.9168682398835,12.9168682398835,12.9168682398835
"20","EX creat e",100.89230387213,100.89230387213,100.89230387213,100.89230387213
"21","EX cyan e",100.892303872158,100.892303872158,100.892303872158,100.892303872158
"22","EX cys L e",100.890824196018,100.890824196018,100.890824196018,100.890824196018
"23","EX etoh e",100.89230387213,100.89230387213,100.89230387213,100.89230387213
"24","EX fe2 e",100.892303872156,100.892303872156,100.892303872156,100.892303872156
"25","EX for e",100.892303872193,100.892303872193,100.892303872193,100.892303872193
"26","EX fum e",100.892303872156,100.892303872156,100.892303872156,100.892303872156
"27","EX glc D e",97.4018597921472,97.4018597921472,97.4018597921472,97.4018597921472
"28","EX gln L e",100.89230387213,100.89230387213,100.89230387213,100.89230387213
"29","EX glu L e",100.892303872156,100.892303872156,100.892303872156,100.892303872156
"30","EX gly e",100.883966926826,100.883966926826,100.883966926826,100.883966926826
"31","EX glyc e",100.87294187575,100.87294187575,100.87294187575,100.87294187575
"32","EX h e",99.3410999329015,99.3410999329015,99.3410999329015,99.3410999329015
"33","EX h2o e",84.2705415272924,84.2705415272924,84.2705415272924,84.2705415272924
"34","EX HC00250 e",100.892303872161,100.892303872161,100.892303872161,100.892303872161
"35","EX hco3 e",100.863710174667,100.863710174667,100.863710174667,100.863710174667
"36","EX hdca e",49.9105042376586,49.9105042376586,49.9105042376586,49.9105042376586
"37","EX his L e",100.871246224751,100.871246224751,100.871246224751,100.871246224751
"38","EX icit e",100.89230387213,100.89230387213,100.89230387213,100.89230387213
"39","EX ile L e",100.886750386208,100.886750386208,100.886750386208,100.886750386208
"40","EX lac L e",100.352300902146,100.352300902146,100.352300902146,100.352300902146
"41","EX leu L e",100.881765605109,100.881765605109,100.881765605109,100.881765605109
"42","EX lys L e",100.826402325995,100.826402325995,100.826402325995,100.826402325995
"43","EX mal L e",100.892303872198,100.892303872198,100.892303872198,100.892303872198
"44","EX mercplac e",100.892303872198,100.892303872198,100.892303872198,100.892303872198
"45","EX met L e",100.892303872155,100.892303872155,100.892303872155,100.892303872155
"46","EX nad e",100.89230387213,100.89230387213,100.89230387213,100.89230387213
"47","EX nadh e",100.89230387213,100.89230387213,100.89230387213,100.89230387213
"48","EX nh4 e",100.479467932068,100.479467932068,100.479467932068,100.479467932068
"49","EX no e",100.892303872135,100.892303872135,100.892303872135,100.892303872135
"50","EX o2 e",1.8465099099074,1.8465099099074,1.8465099099074,1.8465099099074
"51","EX oaa e",100.89230387213,100.89230387213,100.89230387213,100.89230387213
"52","EX pchol hs e",100.892303872236,100.892303872236,100.892303872236,100.892303872236
"53","EX pcreat e",100.89230387213,100.89230387213,100.89230387213,100.89230387213
"54","EX pe hs e",100.892303874488,100.892303874488,100.892303874488,100.892303874488
"55","EX phe L e",100.892303872467,100.892303872467,100.892303872467,100.892303872467
"56","EX pi e",100.892303872161,100.892303872161,100.892303872161,100.892303872161
"57","EX ppa e",100.89230387216,100.89230387216,100.89230387216,100.89230387216
"58","EX pro L e",100.886725011106,100.886725011106,100.886725011106,100.886725011106
"59","EX ps hs e",100.892303872155,100.892303872155,100.892303872155,100.892303872155
"60","EX ser L e",100.869120996276,100.869120996276,100.869120996276,100.869120996276
"61","EX so3 e",100.892255223524,100.892255223524,100.892255223524,100.892255223524
"62","EX succ e",100.892303872206,100.892303872206,100.892303872206,100.892303872206
"63","EX tcynt e",100.892303872153,100.892303872153,100.892303872153,100.892303872153
"64","EX thr L e",100.884283151126,100.884283151126,100.884283151126,100.884283151126
"65","EX trp L e",100.892303872156,100.892303872156,100.892303872156,100.892303872156
"66","EX tsul e",100.892255223511,100.892255223511,100.892255223511,100.892255223511
"67","EX tyr L e",100.892303872285,100.892303872285,100.892303872285,100.892303872285
"68","EX urea e",100.875011097636,100.875011097636,100.875011097636,100.875011097636
"69","EX val L e",100.882048353761,100.882048353761,100.882048353761,100.882048353761
"70","EX fol e",100.89230387213,100.89230387213,100.89230387213,100.89230387213
"71","OF ATP mitoMap Maximum ATP production (ATP hydrolysis)",0,0,0,0
"72","OF HEME mitoMap Maximum Heme production",100.8923038719,100.8923038719,100.8923038719,100.8923038719
"73","OF LIPID mitoMap Maximum lipid synthesis (Mito Inner Membrane)",100.892303874425,100.892303874425,100.892303874425,100.892303874425
"74","OF PROTEIN mitoMap Maxmium production of amino acids for protein synthesis",100.89230387213,100.89230387213,100.89230387213,100.89230387213
"75","HEX1 ATP + alpha-D-Glucose --> ADP + alpha-D-Glucose 6-phosphate",97.4018597921463,97.4018597921463,97.4018597921463,97.4018597921463
"76","G6PPer alpha-D-Glucose 6-phosphate + H2O --> alpha-D-Glucose + Orthophosphate",100.89230387213,100.89230387213,100.89230387213,100.89230387213
"77","PGI alpha-D-Glucose 6-phosphate --> beta-D-Fructose 6-phosphate",97.846039009979,97.846039009979,97.846039009979,97.846039009979
"78","PFK ATP + beta-D-Fructose 6-phosphate --> ADP + beta-D-Fructose 1,6-bisphosphate",97.4502929182468,97.4502929182468,97.4502929182468,97.4502929182468
"79","FBP beta-D-Fructose 1,6-bisphosphate + H2O --> beta-D-Fructose 6-phosphate + Orthophosphate",100.89230387213,100.89230387213,100.89230387213,100.89230387213
"80","FBA beta-D-Fructose 1,6-bisphosphate --> Glycerone phosphate + D-Glyceraldehyde 3-phosphate",97.4502929182418,97.4502929182418,97.4502929182418,97.4502929182418
"81","TPI D-Glyceraldehyde 3-phosphate --> Glycerone phosphate",97.4309309216032,97.4309309216032,97.4309309216032,97.4309309216032
"82","GAPD D-Glyceraldehyde 3-phosphate + Orthophosphate + NAD+ --> 3-Phospho-D-glyceroyl phosphate + NADH + H+",97.382497795738,97.382497795738,97.382497795738,97.382497795738
"83","PGK ATP + 3-Phospho-D-glycerate --> ADP + 3-Phospho-D-glyceroyl phosphate",97.3824977957398,97.3824977957398,97.3824977957398,97.3824977957398
"84","PGM 2-Phospho-D-glycerate --> 3-Phospho-D-glycerate",97.5214697527048,97.5214697527048,97.5214697527048,97.5214697527048
"85","ENO 2-Phospho-D-glycerate --> Phosphoenolpyruvate + H2O",97.5214697526925,97.5214697526925,97.5214697526925,97.5214697526925
"86","PYK ADP + Phosphoenolpyruvate --> ATP + Pyruvate",100.892303872158,100.892303872158,100.892303872158,100.892303872158
"87","r0122  GDP + Phosphoenolpyruvate --> GTP + Pyruvate",100.892303872155,100.892303872155,100.892303872156,100.892303872156
"88","PEPCK GTP + oxaloacetate --> GDP + phosphoenolpyruvate + CO2",100.892303872116,100.892303872116,100.892303872116,100.892303872116
"89","LDH L (S)-Lactate + NAD+ --> Pyruvate + NADH + H+",100.352300902144,100.352300902144,100.35230090215,100.35230090215
"90","G6PDH2r beta-D-Glucose 6-phosphate + NADP+ --> D-Glucono-1,5-lactone 6-phosphate + NADPH + H+",100.892303872148,100.892303872148,100.892303872148,100.892303872148
"91","PGL D-Glucono-1,5-lactone 6-phosphate + H2O --> 6-Phospho-D-gluconate",100.89230387213,100.89230387213,100.89230387213,100.89230387213
"92","GND 6-Phospho-D-gluconate + NADP+ --> D-Ribulose 5-phosphate + CO2 + NADPH + H+",100.892303871903,100.892303871903,100.892303871903,100.892303871903
"93","RPI D-Ribose 5-phosphate --> D-Ribulose 5-phosphate",100.892303872153,100.892303872153,100.892303872153,100.892303872153
"94","RPE D-Ribulose 5-phosphate --> D-Xylulose 5-phosphate",100.892303871882,100.892303871882,100.892303871882,100.892303871882
"95","TKT1 D-Ribose 5-phosphate + D-Xylulose 5-phosphate --> Sedoheptulose 7-phosphate + D-Glyceraldehyde 3-phosphate",100.892303872155,100.892303872155,100.892303872155,100.892303872155
"96","TALA Sedoheptulose 7-phosphate + D-Glyceraldehyde 3-phosphate --> D-Erythrose 4-phosphate + beta-D-Fructose 6-phosphate",100.892303872163,100.892303872163,100.892303872163,100.892303872163
"97","TKT2 D-Erythrose 4-phosphate + D-Xylulose 5-phosphate --> beta-D-Fructose 6-phosphate + D-Glyceraldehyde 3-phosphate",100.892303872156,100.892303872156,100.892303872156,100.892303872156
"98","PDHm Pyruvate + CoA + NAD+ --> Acetyl-CoA + CO2 + NADH + H+",98.4927588944634,98.4927588944634,98.4927588944634,98.4927588944634
"99","CSm Acetyl-CoA + H2O + Oxaloacetate --> Citrate + CoA",6.58145753162686,6.58145753162686,6.58145753162686,6.58145753162686
"100","ACONTm Citrate -> Isocitrate",99.0374844710985,99.0374844710985,99.0374844710985,99.0374844710985
"101","ICDHxm Isocitrate + NAD(+) = 2-oxoglutarate + CO(2) + NADH",95.9460272455748,95.9460272455748,95.9460272455748,95.9460272455748
"102","ICDHyrm Isocitrate + NADP(+) -> 2-oxoglutarate + CO(2) + NADPH",100.892303872155,100.892303872155,100.892303872155,100.892303872155
"103","AKGDm 2-Oxoglutarate + CoA + NAD+ --> Succinyl-CoA + CO2 + NADH + H+",95.9227732842951,95.9227732842951,95.9227732842951,95.9227732842951
"104","SUCOAS1m GTP + Succinate + CoA --> GDP + Orthophosphate + Succinyl-CoA",100.892303872165,100.892303872165,100.892303872146,100.892303872146
"105","SUCOASm ATP + Succinate + CoA --> ADP + Orthophosphate + Succinyl-CoA",100.892303872171,100.892303872171,100.892303872171,100.892303872171
"106","FUMm Fumarate + H2O --> (S)-Malate",97.5231438251535,97.5231438251535,97.5231438251535,97.5231438251535
"107","MDHm (S)-Malate + NAD+ --> Oxaloacetate + NADH + H+",27.8852528714494,27.8852528714494,27.8852528714494,27.8852528714494
"108","CI mitoMap NADH dehydrogenase",69.8955549941279,69.8955549941279,69.8955549941279,69.8955549941279
"109","CII mitoMap succinate dehydrogenase",26.0819414534182,26.0819414534182,26.0819414534182,26.0819414534182
"110","CIII mitoMap cytochrome c reductase",2.10262372445662,2.10262372445662,2.10262372445662,2.10262372445662
"111","CIV mitoMap cytochrome c oxidase",2.10262372288132,2.10262372288132,2.10262372288132,2.10262372288132
"112","CV mitoMap ATP synthase",7.56363043478397,7.56363043478397,7.56363043478495,7.56363043478495
"113","PEPCKm GTP + Oxaloacetate --> GDP + Phosphoenolpyruvate + CO2",100.882184823638,100.882184823638,100.882184823638,100.882184823638
"114","PCm ATP + Pyruvate + HCO3- --> ADP + Orthophosphate + Oxaloacetate",100.89230387219,100.89230387219,100.89230387219,100.89230387219
"115","ME2m (S)-Malate + NADP+ --> Pyruvate + CO2 + NADPH + H+",100.89230387213,100.89230387213,100.89230387213,100.89230387213
"116","ME1m (S)-malate + NAD+ = pyruvate + CO(2) + NADH.",100.892303872155,100.892303872155,100.892303872155,100.892303872155
"117","r0081 L-Alanine + 2-Oxoglutarate --> Pyruvate + L-Glutamate",100.892255223505,100.892255223505,100.892255223505,100.892255223505
"118","ACITLm mitoMap ATP + Citrate + CoA --> ADP + Orthophosphate + Acetyl-CoA + Oxaloacetate",100.892303872162,100.892303872162,100.892303872162,100.892303872162
"119","NDPK1m ATP + GDP --> ADP + GTP",100.892303872152,100.892303872152,100.892303872152,100.892303872152
"120","NNT mitoMap NADP+ + NADH --> NADPH + NAD+",100.89230387213,100.89230387213,100.89230387213,100.89230387213
"121","ADK1m ATP + AMP --> 2 ADP",100.892303872158,100.892303872158,100.892303872158,100.892303872158
"122","ME2 (S)-Malate + NADP+ --> Pyruvate + CO2 + NADPH + H+",100.892303872158,100.892303872158,100.892303872158,100.892303872158
"123","ALATA L L-Alanine + 2-Oxoglutarate --> Pyruvate + L-Glutamate",100.879424624848,100.879424624848,100.879424624848,100.879424624848
"124","NDPK1 ATP + GDP --> ADP + GTP",100.892303872151,100.892303872151,100.892303872151,100.892303872151
"125","FUM Fumarate + H2O --> (S)-Malate",100.892303872119,100.892303872119,100.892303872119,100.892303872119
"126","ADK1 ATP + AMP --> 2 ADP",49.747612068962,49.747612068962,49.747612068962,49.747612068962
"127","ICDHy Isocitrate + NADP(+) -> 2-oxoglutarate + CO(2) + NADPH",100.882184823909,100.882184823909,100.882184823909,100.882184823909
"128","ACONT Citrate -> Isocitrate",100.88218482361,100.88218482361,100.88218482361,100.88218482361
"129","ACITL ATP + Citrate + CoA --> ADP + Orthophosphate + Acetyl-CoA + Oxaloacetate",100.892303872002,100.892303872002,100.892303872002,100.892303872002
"130","ASPTA L-Aspartate + 2-Oxoglutarate --> Oxaloacetate + L-Glutamate",98.7204730892306,98.7204730892306,98.7204730892293,98.7204730892293
"131","MDH (S)-Malate + NAD+ --> Oxaloacetate + NADH + H+",98.91437570373,98.91437570373,98.9143757037331,98.9143757037331
"132","AKGMALtm Malate - Oxoglutarate (OGC) Antiporter",98.8717756470351,98.8717756470351,98.8717756470351,98.8717756470351
"133","ASPGLUmB mitoMap Glutamate/Aspartate Antiporter (AGC1) - glutamate (in) for aspartate (out)",99.0972307315241,99.0972307315241,99.0972307315241,99.0972307315241
"134","ASPTAm L-Aspartate + 2-Oxoglutarate --> Oxaloacetate + L-Glutamate",99.0972307315241,99.0972307315241,99.0972307315241,99.0972307315241
"135","G3PD1 sn-Glycerol 3-phosphate + NAD+ --> Glycerone phosphate + NADH + H+",100.884249764101,100.884249764101,100.884249764101,100.884249764101
"136","r0205 sn-Glycerol 3-phosphate + Ubiquinone --> Glycerone phosphate + Ubiquinol",100.892303872156,100.892303872156,100.892303872156,100.892303872156
"137","FACOAL160i ATP + Hexadecanoic acid + CoA --> AMP + Palmitoyl-CoA + Diphosphate",49.8458825013455,49.8458825013455,49.8458825013455,49.8458825013455
"138","C160CPT1 Palmitoyl-CoA + L-Carnitine --> CoA + L-Palmitoylcarnitine",49.8458825010434,49.8458825010434,49.8458825013076,49.8458825013076
"139","PPA Pyrophosphate+H2O-->2Orthophosphate",49.7476120690848,49.7476120690848,49.7476120690848,49.7476120690848
"140","r2435 carnitine carrier - Carnitine out, acyl carnitine in",49.8458825012237,49.8458825012237,49.8458825012237,49.8458825012237
"141","C160CPT2 CoA + L-Palmitoylcarnitine --> Palmitoyl-CoA + L-Carnitine",49.8458825012981,49.8458825012981,49.845882501305,49.845882501305
"142","PPAm Pyrophosphate+H2O-->2Orthophosphate",100.892303872157,100.892303872157,100.892303872157,100.892303872157
"143","ACOT2 mitoMap Palmitoyl-CoA + H2O --> CoA + Hexadecanoic acid",100.892303872156,100.892303872156,100.892303872156,100.892303872156
"144","ACADLC16 mitoMap Palmitoyl-CoA + Q --> trans-Hexadec-2-enoyl-CoA + QH2",49.8458825013031,49.8458825013031,49.8458825013031,49.8458825013031
"145","MECR16C mitoMap trans-Hexadec-2-enoyl-CoA + NADPH + H+ --> Palmitoyl-CoA + NADP+",100.892303872202,100.892303872202,100.892303872202,100.892303872202
"146","MTPC16 mitoMap trans-Hexadec-2-enoyl-CoA + H2O + NAD+ + CoA -> Tetradecanoyl-CoA + NADH + Acetyl-CoA",49.845882501293,49.845882501293,49.845882501293,49.845882501293
"147","ACADLC14 mitoMap Tetradecanoyl-CoA + Q --> trans-Tetradec-2-enoyl-CoA + QH2",49.8458824849077,49.8458824849077,49.8458824849077,49.8458824849077
"148","MECR14C mitoMap trans-Tetradec-2-enoyl-CoA + NADPH + H+ --> Tetradecanoyl-CoA + NADP+",100.892303872202,100.892303872202,100.892303872202,100.892303872202
"149","MTPC14 mitoMap trans-Hexadec-2-enoyl-CoA + H2O + NAD+ + CoA -> Lauroyl-CoA + NADH + Acetyl-CoA",49.845882502402,49.845882502402,49.845882502402,49.845882502402
"150","r1447 Lauroyl-CoA + Q --> 2-trans-Dodecenoyl-CoA + QH2",49.845882503965,49.845882503965,49.845882503965,49.845882503965
"151","r0638 Lauroyl-CoA + NADP+ --> 2-trans-Dodecenoyl-CoA + NADPH + H+",100.89230387207,100.89230387207,100.89230387207,100.89230387207
"152","r0660 (S)-3-Hydroxydodecanoyl-CoA --> 2-trans-Dodecenoyl-CoA + H2O",49.8458825005155,49.8458825005155,49.8458825005155,49.8458825005155
"153","r0722 (S)-3-Hydroxydodecanoyl-CoA + NAD+ --> 3-Oxododecanoyl-CoA + NADH + H+",49.8458825012369,49.8458825012369,49.8458825012369,49.8458825012369
"154","r0724 Decanoyl-CoA + Acetyl-CoA --> CoA + 3-Oxododecanoyl-CoA",49.8458825016587,49.8458825016587,49.8458825016587,49.8458825016587
"155","r1451 Decanoyl-CoA + Q -->trans-Dec-2-enoyl-CoA + QH2",49.8458825012604,49.8458825012604,49.8458825012604,49.8458825012604
"156","r0735 Decanoyl-CoA + NADP+ --> trans-Dec-2-enoyl-CoA + NADPH + H+",100.892303872269,100.892303872269,100.892303872269,100.892303872269
"157","r0728 (S)-Hydroxydecanoyl-CoA --> trans-Dec-2-enoyl-CoA + H2O",49.8458825012965,49.8458825012965,49.8458825012965,49.8458825012965
"158","r0726 (S)-Hydroxydecanoyl-CoA + NAD+ --> 3-Oxodecanoyl-CoA + NADH + H+",49.8458825012856,49.8458825012856,49.8458825012856,49.8458825012856
"159","r0634 Octanoyl-CoA + Acetyl-CoA --> CoA + 3-Oxodecanoyl-CoA",49.8458825004262,49.8458825004262,49.8458825004262,49.8458825004262
"160","r1448 Octanoyl-CoA + Q --> trans-Oct-2-enoyl-CoA + QH2",49.8458825012749,49.8458825012749,49.8458825012749,49.8458825012749
"161","r0633 Octanoyl-CoA + NADP+ --> trans-Oct-2-enoyl-CoA + NADPH + H+",100.892303872151,100.892303872151,100.892303872151,100.892303872151
"162","r0731 trans-Oct-2-enoyl-CoA + H2O --> (S)-Hydroxyoctanoyl-CoA",49.8458825040156,49.8458825040156,49.8458825040156,49.8458825040156
"163","r0730 (S)-Hydroxyoctanoyl-CoA + NAD+ --> 3-Oxooctanoyl-CoA + NADH + H+",49.8458825013329,49.8458825013329,49.8458825013329,49.8458825013329
"164","r0732 CoA + 3-Oxooctanoyl-CoA  --> Hexanoyl-CoA + Acetyl-CoA",49.8458825012547,49.8458825012547,49.8458825012547,49.8458825012547
"165","r1450 Hexanoyl-CoA + Q --> trans-Hex-2-enoyl-CoA + QH2",49.8458825013438,49.8458825013438,49.8458825013438,49.8458825013438
"166","r0791 trans-Hex-2-enoyl-CoA + NADPH + H+ --> Hexanoyl-CoA + NADP+",100.892303872177,100.892303872177,100.892303872145,100.892303872145
"167","r0734 trans-Hex-2-enoyl-CoA + H2O --> (S)-Hydroxyhexanoyl-CoA",49.8458825013272,49.8458825013272,49.8458825013272,49.8458825013272
"168","r0733 (S)-Hydroxyhexanoyl-CoA + NAD+ --> 3-Oxohexanoyl-CoA + NADH + H+",49.8458825013256,49.8458825013256,49.8458825013256,49.8458825013256
"169","r0287 CoA + 3-Oxohexanoyl-CoA --> Acetyl-CoA + Butanoyl-CoA",49.8458825011315,49.8458825011315,49.8458825011315,49.8458825011315
"170","r1446 Butanoyl-CoA + Q --> QH2 + Crotonoyl-CoA",49.7020768692515,49.7020768692515,49.7020768692515,49.7020768692515
"171","ECOAH1m (S)-3-Hydroxybutanoyl-CoA --> Crotonoyl-CoA + H2O",48.2705069577937,48.2705069577937,48.2705069577937,48.2705069577937
"172","HACD1m Acetoacetyl-CoA + NADH + H+ --> (S)-3-Hydroxybutanoyl-CoA + NAD+",48.2705069573313,48.2705069573313,48.2705069581433,48.2705069581433
"173","ACACT1rm 2 Acetyl-CoA --> CoA + Acetoacetyl-CoA",43.3998342089553,43.3998342089553,43.3998342089553,43.3998342089553
"174","ACCOAC ATP + Acetyl-CoA + HCO3- --> ADP + Orthophosphate + Malonyl-CoA",100.892303872162,100.892303872162,100.892303872162,100.892303872162
"175","MCOATA Malonyl-CoA + Acyl-carrier protein --> CoA + Malonyl-[acyl-carrier protein]",100.892303872123,100.892303872123,100.892303872123,100.892303872123
"176","ACOATA Acetyl-CoA + Acyl-carrier protein --> CoA + Acetyl-[acyl-carrier protein]",100.892303872147,100.892303872147,100.892303872147,100.892303872147
"177","r0678 Acetyl-[acyl-carrier protein] + Malonyl-[acyl-carrier protein] --> Acetoacetyl-[acp] + CO2 + Acyl-carrier protein",100.892303872147,100.892303872147,100.892303872147,100.892303872147
"178","r0691 (3R)-3-Hydroxybutanoyl-[acyl-carrier protein] + NADP+ --> Acetoacetyl-[acp] + NADPH + H+",100.892303872152,100.892303872152,100.892303872152,100.892303872152
"179","r0681 3R)-3-Hydroxybutanoyl-[acyl-carrier protein] --> But-2-enoyl-[acyl-carrier protein] + H2O",100.892303872157,100.892303872157,100.892303872157,100.892303872157
"180","r0682 Butyryl-[acp] + NADP+ --> But-2-enoyl-[acyl-carrier protein] + NADPH + H+",100.892303872152,100.892303872152,100.892303872152,100.892303872152
"181","r0760 Butyryl-[acp] + Malonyl-[acyl-carrier protein] --> 3-Oxohexanoyl-[acp] + CO2 + Acyl-carrier protein",100.892303872147,100.892303872147,100.892303872147,100.892303872147
"182","r0761 (R)-3-Hydroxyhexanoyl-[acp] + NADP+ --> 3-Oxohexanoyl-[acp] + NADPH + H+",100.892303872152,100.892303872152,100.892303872152,100.892303872152
"183","r0762 (R)-3-Hydroxyhexanoyl-[acp] --> trans-Hex-2-enoyl-[acp] + H2O",100.89230387215,100.89230387215,100.89230387215,100.89230387215
"184","r0763 Hexanoyl-[acp] + NADP+ --> trans-Hex-2-enoyl-[acp] + NADPH + H+",100.892303872154,100.892303872154,100.892303872154,100.892303872154
"185","r0764 Hexanoyl-[acp] + Malonyl-[acyl-carrier protein] --> 3-Oxooctanoyl-[acp] + CO2 + Acyl-carrier protein",100.892303872157,100.892303872157,100.892303872157,100.892303872157
"186","r0694 (3R)-3-Hydroxyoctanoyl-[acyl-carrier protein] + NADP+ --> 3-Oxooctanoyl-[acp] + NADPH + H+",100.892303872152,100.892303872152,100.892303872152,100.892303872152
"187","r0695 (3R)-3-Hydroxyoctanoyl-[acyl-carrier protein] --> trans-Oct-2-enoyl-[acp] + H2O",100.89230387215,100.89230387215,100.89230387215,100.89230387215
"188","r0765 Octanoyl-[acp] + NADP+ --> trans-Oct-2-enoyl-[acp] + NADPH + H+",100.892303872143,100.892303872143,100.892303872143,100.892303872143
"189","r0766 Octanoyl-[acp] + Malonyl-[acyl-carrier protein] --> 3-Oxodecanoyl-[acp] + CO2 + Acyl-carrier protein",100.892303872157,100.892303872157,100.892303872157,100.892303872157
"190","r0692 (3R)-3-Hydroxydecanoyl-[acyl-carrier protein] + NADP+ --> 3-Oxodecanoyl-[acp] + NADPH",100.892303872152,100.892303872152,100.892303872152,100.892303872152
"191","r0693 (3R)-3-Hydroxydecanoyl-[acyl-carrier protein] --> trans-Dec-2-enoyl-[acp] + H2O",100.89230387215,100.89230387215,100.89230387215,100.89230387215
"192","r0767 Decanoyl-[acp] + NADP+ --> trans-Dec-2-enoyl-[acp] + NADPH + H+",100.892303872159,100.892303872159,100.892303872159,100.892303872159
"193","r0768 Decanoyl-[acp] + Malonyl-[acyl-carrier protein] --> 3-Oxododecanoyl-[acp] + CO2 + Acyl-carrier protein",100.892303872157,100.892303872157,100.892303872157,100.892303872157
"194","r0769 (R)-3-Hydroxydodecanoyl-[acp] + NADP+ --> 3-Oxododecanoyl-[acp] + NADPH + H+",100.892303872152,100.892303872152,100.892303872152,100.892303872152
"195","r0770 (R)-3-Hydroxydodecanoyl-[acp] --> trans-Dodec-2-enoyl-[acp] + H2O",100.89230387215,100.89230387215,100.89230387215,100.89230387215
"196","r0712 Dodecanoyl-[acyl-carrier protein] + NADP+ --> trans-Dodec-2-enoyl-[acp] + NADPH + H+",100.892303872154,100.892303872154,100.892303872154,100.892303872154
"197","r0713 Dodecanoyl-[acyl-carrier protein] + Malonyl-[acyl-carrier protein] --> 3-Oxotetradecanoyl-[acp] + CO2 + Acyl-carrier protein",100.892303872157,100.892303872157,100.892303872157,100.892303872157
"198","r0701 (3R)-3-Hydroxytetradecanoyl-[acyl-carrier protein] + NADP+ --> 3-Oxotetradecanoyl-[acp] + NADPH + H+",100.892303872153,100.892303872153,100.892303872153,100.892303872153
"199","r0702 (3R)-3-Hydroxytetradecanoyl-[acyl-carrier protein] --> trans-Tetradec-2-enoyl-[acp] + H2O",100.892303872138,100.892303872138,100.892303872138,100.892303872138
"200","r0771 Tetradecanoyl-[acp] + NADP+ --> trans-Tetradec-2-enoyl-[acp] + NADPH + H+",100.892303872125,100.892303872125,100.892303872125,100.892303872125
"201","r0772 Tetradecanoyl-[acp] + Malonyl-[acyl-carrier protein] --> 3-Oxohexadecanoyl-[acp] + CO2 + Acyl-carrier protein",100.892303872142,100.892303872142,100.892303872142,100.892303872142
"202","r0696 (3R)-3-Hydroxypalmitoyl-[acyl-carrier protein] + NADP+ --> 3-Oxohexadecanoyl-[acp] + NADPH + H+",100.892303872154,100.892303872154,100.892303872154,100.892303872154
"203","r0697 (3R)-3-Hydroxypalmitoyl-[acyl-carrier protein] --> trans-Hexadec-2-enoyl-[acp] + H2O",100.89230387215,100.89230387215,100.89230387215,100.89230387215
"204","r0773 Hexadecanoyl-[acp] + NADP+ --> trans-Hexadec-2-enoyl-[acp] + NADPH + H+",100.892303872169,100.892303872169,100.892303872169,100.892303872169
"205","FA160ACPH Hexadecanoyl-[acp] + H2O --> Acyl-carrier protein + Hexadecanoic acid",100.892303872149,100.892303872149,100.892303872149,100.892303872149
"206","FACOAL40im ATP + Butanoic acid + CoA --> AMP + Diphosphate + Butanoyl-CoA",100.892303871937,100.892303871937,100.892303871937,100.892303871937
"207","BDHm (R)-3-Hydroxybutanoate + NAD+ --> Acetoacetate + NADH + H+",100.834415968287,100.834415968287,100.834415968287,100.834415968287
"208","OCOAT1m Succinyl-CoA + Acetoacetate --> Succinate + Acetoacetyl-CoA",100.736588959561,100.736588959561,100.736588959561,100.736588959561
"209","HMGCOASim Acetyl-CoA + H2O + Acetoacetyl-CoA --> S)-3-Hydroxy-3-methylglutaryl-CoA + CoA",100.89230387213,100.89230387213,100.89230387213,100.89230387213
"210","HMGLm (S)-3-Hydroxy-3-methylglutaryl-CoA --> Acetyl-CoA + Acetoacetate",100.881765604816,100.881765604816,100.881765604816,100.881765604816
"211","LEUTAm L-Leucine + 2-Oxoglutarate --> 4-Methyl-2-oxopentanoate + L-Glutamate",100.881765604785,100.881765604785,100.881765604785,100.881765604785
"212","OIVD1m 4-Methyl-2-oxopentanoate + NAD+ + CoA -> NADH + CO2 + 3-Methylbutanoyl-CoA",100.881765605109,100.881765605109,100.881765605109,100.881765605109
"213","r0655 3-Methylbutanoyl-CoA + Q --> 3-Methylcrotonyl-CoA + QH2",100.881765605109,100.881765605109,100.881765605109,100.881765605109
"214","MCCCrm ATP + 3-Methylcrotonyl-CoA + HCO3 ---> ADP + Orthophosphate + 3-Methylglutaconyl-CoA",100.881765605046,100.881765605046,100.881765605046,100.881765605046
"215","MGCHrm 3-Methylglutaconyl-CoA + H2O --> (S)-3-Hydroxy-3-methylglutaryl-CoA",100.881765604785,100.881765604785,100.881765604785,100.881765604785
"216","ILETAm L-Isoleucine + 2-Oxoglutarate --> (S)-3-Methyl-2-oxopentanoicacid + L-Glutamate",100.886750386391,100.886750386391,100.886750386391,100.886750386391
"217","OIVD3m NAD+ + CoA + (S)-3-Methyl-2-oxopentanoicacid -> NADH + CO2 + (S)-2-Methylbutanoyl-CoA",100.886750386275,100.886750386275,100.886750386275,100.886750386275
"218","r0603 (S)-2-Methylbutanoyl-CoA + Q --> 2-Methylbut-2-enoyl-CoA + QH2",100.886750386208,100.886750386208,100.886750386208,100.886750386208
"219","ECOAH9m 2-Methylbut-2-enoyl-CoA + H2O --> (2S,3S)-3-Hydroxy-2-methylbutanoyl-CoA",100.886750386208,100.886750386208,100.886750386208,100.886750386208
"220","HACD9m (2S,3S)-3-Hydroxy-2-methylbutanoyl-CoA + NAD+ --> 2-Methylacetoacetyl-CoA + NADH + H+",100.886750386208,100.886750386208,100.886750386208,100.886750386208
"221","ACACT10m CoA + 2-Methylacetoacetyl-CoA --> Propanoyl-CoA + Acetyl-CoA",100.886750386208,100.886750386208,100.886750386208,100.886750386208
"222","VALTAm L-Valine + 2-Oxoglutarate --> 3-Methyl-2-oxobutanoicacid + L-Glutamate",100.882048353762,100.882048353762,100.882048353762,100.882048353762
"223","OIVD2m NAD+ + CoA + 3-Methyl-2-oxobutanoicacid -> NADH + CO2 + 2-Methylpropanoyl-CoA",100.882048353997,100.882048353997,100.882048353997,100.882048353997
"224","r0560 2-Methylpropanoyl-CoA + Q --> 2-Methylprop-2-enoyl-CoA + QH2",100.882048353997,100.882048353997,100.882048353997,100.882048353997
"225","ECOAH12m 2-Methylprop-2-enoyl-CoA + H2O --> (S)-3-Hydroxyisobutyryl-CoA",100.882048353771,100.882048353771,100.882048353771,100.882048353771
"226","3HBCOAHLm (S)-3-Hydroxyisobutyryl-CoA + H2O --> CoA + (S)-3-Hydroxyisobutyrate",100.882048353763,100.882048353763,100.882048353763,100.882048353763
"227","HIBDm (S)-3-Hydroxyisobutyrate + NAD+ --> (S)-Methylmalonatesemialdehyde + NADH + H+",100.88204835376,100.88204835376,100.88204835376,100.88204835376
"228","ACCOALm ATP + Propanoate + CoA --> AMP + Diphosphate + Propanoyl-CoA",100.89230387213,100.89230387213,100.89230387213,100.89230387213
"229","MMSAD1m (S)-Methylmalonatesemialdehyde + CoA + NAD+ --> Propanoyl-CoA + CO2 + NADH + H+",100.882048353664,100.882048353664,100.882048353664,100.882048353664
"230","PPCOACm ATP + Propanoyl-CoA + HCO3- --> ADP + Orthophosphate + (S)-Methylmalonyl-CoA",100.874248442009,100.874248442009,100.874248442011,100.874248442011
"231","MMEm (R)-Methylmalonyl-CoA --> (S)-Methylmalonyl-CoA",100.874248442053,100.874248442053,100.874248442053,100.874248442053
"232","MMMm (R)-Methylmalonyl-CoA --> Succinyl-CoA",100.874248442045,100.874248442045,100.874248442045,100.874248442045
"233","MMCDm (S)-Methylmalonyl-CoA --> Propanoyl-CoA + CO2",100.892303872159,100.892303872159,100.892303872159,100.892303872159
"234","RE2649M H20 + Propanoyl-CoA  -> Propanoate + CoA + H+",100.892303872114,100.892303872114,100.892303872114,100.892303872114
"235","THRD L L-Threonine --> 2-Oxobutanoate + Ammonia",100.884283151126,100.884283151126,100.884283151126,100.884283151126
"236","r1155 2-oxobutanoate transport into mitochondrion",100.884318382676,100.884318382676,100.884318382676,100.884318382676
"237","r1154 2-Oxobutanoate + CoA + NAD+ --> Propanoyl-CoA + NADH + CO2",100.884318382674,100.884318382674,100.884318382674,100.884318382674
"238","2HBO 2-Hydroxybutanoic acid + NAD+ --> 2-Oxobutanoate + NADH + H+",100.89230387215,100.89230387215,100.89230387215,100.89230387215
"239","METAT ATP + L-Methionine + H2O --> Orthophosphate + Diphosphate + S-Adenosyl-L-methionine",100.892303872157,100.892303872157,100.892303872157,100.892303872157
"240","METAT2 mitoMap S-Adenosyl-L-methionine + demethylated methyl donor --> S-Adenosyl-L-homocysteine + methyl donor",100.892303872157,100.892303872157,100.892303872157,100.892303872157
"241","AHC S-Adenosyl-L-homocysteine + H2O --> Adenosine + L-Homocysteine",100.892303872157,100.892303872157,100.892303872157,100.892303872157
"242","ADNK1 ATP + Adenosine --> ADP + AMP",100.892303872156,100.892303872156,100.892303872156,100.892303872156
"243","CYSTS L-Serine + L-Homocysteine --> L-Cystathionine + H2O",100.892303872064,100.892303872064,100.892303872064,100.892303872064
"244","CYSTGL L-Cystathionine + H2O --> L-Cysteine + Ammonia + 2-Oxobutanoate",100.892303872156,100.892303872156,100.892303872156,100.892303872156
"245","CYSO L-Cysteine + Oxygen --> 3-Sulfino-L-alanine",100.892303872156,100.892303872156,100.892303872156,100.892303872156
"246","3SALATAi 3-Sulfino-L-alanine + 2-Oxoglutarate --> 3-Sulfinylpyruvate + L-Glutamate",100.892303872146,100.892303872146,100.892303872146,100.892303872146
"247","3SPYRSP 3-Sulfinylpyruvate + H2O --> Sulfite + Pyruvate",100.892303872154,100.892303872154,100.892303872154,100.892303872154
"248","CYSTA L-Cysteine + 2-Oxoglutarate --> Mercaptopyruvate + Glutamate",100.892303872161,100.892303872161,100.892303872161,100.892303872161
"249","CYSTAm L-Cysteine + 2-Oxoglutarate --> Mercaptopyruvate + Glutamate",100.892255223505,100.892255223505,100.892255223505,100.892255223505
"250","MCPST Hydrogen cyanide + Mercaptopyruvate --> Thiocyanate + Pyruvate",100.892303872156,100.892303872156,100.892303872156,100.892303872156
"251","MCPSTm mitoMap Hydrogen cyanide + Mercaptopyruvate --> Thiocyanate + Pyruvate",100.89230387213,100.89230387213,100.89230387213,100.89230387213
"252","r0595m mitoMap Mercaptopyruvate + Sulfite --> Thiosulfate + Pyruvate",100.892255223134,100.892255223134,100.892255223134,100.892255223134
"253","r0595B mitoMap Mercaptopyruvate + Sulfite --> Thiosulfate + Pyruvate",100.892303871472,100.892303871472,100.892303871472,100.892303871472
"254","MCLOR 3-Mercaptolactate + NAD+ --> Mercaptopyruvate + NADH + H+",100.89230387216,100.89230387216,100.89230387216,100.89230387216
"255","r0193 L-Cysteine + H2O --> Hydrogen sulfide + Pyruvate + Ammonia",100.892303872154,100.892303872154,100.892303872154,100.892303872154
"256","TRPO2 L-Tryptophan + Oxygen --> L-Formylkynurenine",100.892303872074,100.892303872074,100.892303872074,100.892303872074
"257","FKYNH L-Formylkynurenine + H2O --> Formate + L-Kynurenine",100.892303872519,100.892303872519,100.892303872519,100.892303872519
"258","KYN3OX L-Kynurenine + Oxygen + NADPH + H+ --> 3-Hydroxy-L-kynurenine + NADP+ + H2O",100.892303871863,100.892303871863,100.892303871863,100.892303871863
"259","HKYNH 3-Hydroxy-L-kynurenine + H2O --> 3-Hydroxyanthranilate + L-Alanine",100.892303872158,100.892303872158,100.892303872158,100.892303872158
"260","3HAO 3-Hydroxyanthranilate + Oxygen --> 2-Amino-3-carboxymuconate semialdehyde",100.892303872158,100.892303872158,100.892303872158,100.892303872158
"261","PCLAD 2-Amino-3-carboxymuconate semialdehyde --> 2-Aminomuconate semialdehyde + CO2",100.892303872074,100.892303872074,100.892303872074,100.892303872074
"262","r0645 2-Aminomuconate semialdehyde + NAD+ + H2O --> 2-Aminomuconate + H+ + NADH",100.892303872074,100.892303872074,100.892303872074,100.892303872074
"263","AMCOXO 2-Aminomuconate + NADPH + H+ + H2O --> 2-Oxoadipate + Ammonia + NADP+",100.8923038721,100.8923038721,100.8923038721,100.8923038721
"264","AMCOXO2 mitoMap 2-Aminomuconate + NADH + H+ + H2O --> 2-Oxoadipate + NH3 + NAD+",100.89230387213,100.89230387213,100.89230387213,100.89230387213
"265","2OXOADPTmB mitoMap oxodicarboxylate carrier (ODC) - oxoadipate (in) for oxoglutarate (out)",100.892303872074,100.892303872074,100.892303872074,100.892303872074
"266","2OXOADPTmC mitoMap oxodicarboxylate carrier (ODC) reverse - oxoadipate (out) for oxoglutarate (in)",100.89230387213,100.89230387213,100.89230387213,100.89230387213
"267","2OXOADOXm 2-Oxoadipate + CoA + NAD+ --> Glutaryl-CoA + CO2 + NADH + H+",100.826402326006,100.826402326006,100.826402326006,100.826402326006
"268","r0541 Glutaryl-CoA + Q --> QH2 + Crotonoyl-CoA + CO2",100.826402326162,100.826402326162,100.826402326162,100.826402326162
"269","SACCD3m L-Lysine + 2-Oxoglutarate + NADPH + H+ --> N6-(L-1,3-Dicarboxypropyl)-L-lysine + NADP+ + H2O",100.826402325991,100.826402325991,100.826402325991,100.826402325991
"270","r0525 N6-(L-1,3-Dicarboxypropyl)-L-lysine+NAD++H2O-->L-Glutamate+L-2-Aminoadipate6-semialdehyde+NADH+H+",100.826402325994,100.826402325994,100.826402325994,100.826402325994
"271","AASAD3m L-2-Aminoadipate6-semialdehyde+NAD++H2O-->L-2-Aminoadipate+NADH+H+",100.892303872159,100.892303872159,100.892303872159,100.892303872159
"272","R03103 mitoMap L-2-Aminoadipate6-semialdehyde+NADP++H2O-->L-2-Aminoadipate+NADPH+H+",100.892303872155,100.892303872155,100.892303872155,100.892303872155
"273","r0450 L-2-Aminoadipate+2-Oxoglutarate-->2-Oxoadipate+L-Glutamate",100.826402325994,100.826402325994,100.826402325994,100.826402325994
"274","LYSOXc mitoMap L-Lysine + Oxygen + H2O --> 6-Amino-2-oxohexanoate + Ammonia + Hydrogen peroxide",100.892303872131,100.892303872131,100.892303872131,100.892303872131
"275","PPD2CSPc mitoMap 6-Amino-2-oxohexanoate --> delta1-Piperideine-2-carboxylate + H2O",100.892303872153,100.892303872153,100.892303872153,100.892303872153
"276","1PPDCRc mitoMap delta1-Piperideine-2-carboxylate + NADH + H+ --> L-Pipecolate + NAD+",100.892303872158,100.892303872158,100.892303872158,100.892303872158
"277","1PPDCRc NADPH mitoMap delta1-Piperideine-2-carboxylate + NADPH + H+ --> L-Pipecolate + NADP+",100.892303872195,100.892303872195,100.892303872195,100.892303872195
"278","LPCOXc mitoMap L-Pipecolate + Oxygen --> (S)-2,3,4,5-Tetrahydropyridine-2-carboxylate + Hydrogen peroxide",100.892303872074,100.892303872074,100.892303872074,100.892303872074
"279","RE1254C (S)-2,3,4,5-Tetrahydropyridine-2-carboxylate + H2O --> L-2-Aminoadipate 6-semialdehyde",100.892303872167,100.892303872167,100.892303872167,100.892303872167
"280","r0594 L-2-Aminoadipate6-semialdehyde+NAD++H2O-->L-2-Aminoadipate+NADH+H+",100.892303872157,100.892303872157,100.892303872157,100.892303872157
"281","2AMADPTmB mitoMap Oxodicarboxylate carrier (ODC) - L-aminoadipate (in) for oxoglutarate (out)",100.892303872159,100.892303872159,100.89230387216,100.89230387216
"282","2AMADPTmC mitoMap Oxodicarboxylate carrier (ODC) reverse - L-aminoadipate (out) for oxoglutarate (in)",100.89230387213,100.89230387213,100.89230387213,100.89230387213
"283","PROD2mB mitoMap Proline + Q --> (S)-1-Pyrroline-5-carboxylate + QH2",100.886725011067,100.886725011067,100.886725011067,100.886725011067
"284","G5SADrm L-Glutamate 5-semialdehyde --> (S)-1-Pyrroline-5-carboxylate + H2O",100.886725011055,100.886725011055,100.886725011055,100.886725011055
"285","r0074 L-Glutamate 5-semialdehyde + NAD+ + H2O --> L-Glutamate + NADH + H+",100.869432236624,100.869432236624,100.869432236624,100.869432236624
"286","GLU5Km ATP + L-Glutamate --> ADP + L-Glutamyl 5-phosphate",100.89230387213,100.89230387213,100.89230387213,100.89230387213
"287","G5SDym L-Glutamyl 5-phosphate + NADPH + H+ --> L-Glutamate 5-semialdehyde + Orthophosphate + NADP+",100.892303872154,100.892303872154,100.892303872154,100.892303872154
"288","P5CRm (S)-1-Pyrroline-5-carboxylate + NADPH + H+ --> L-Proline + NADP+",100.89230387213,100.89230387213,100.89230387213,100.89230387213
"289","P5CRxm (S)-1-Pyrroline-5-carboxylate + NADH + H+ --> L-Proline + NAD+",100.892303872156,100.892303872156,100.892303872156,100.892303872156
"290","ORNTArm L-Ornithine + 2-Oxoglutarate --> L-Glutamate 5-semialdehyde + L-Glutamate",100.87501109773,100.87501109773,100.87501109773,100.87501109773
"291","ORNDC L-Ornithine --> Putrescine + CO2",100.89230387213,100.89230387213,100.89230387213,100.89230387213
"292","PTRCOX1 Putrescine + Oxygen + H2O --> 4-Aminobutyraldehyde + Ammonia + Hydrogen peroxide",100.892303872158,100.892303872158,100.892303872158,100.892303872158
"293","r0464c mitoMap 4-Aminobutyraldehyde + NADP+ + H2O --> 4-Aminobutanoate + NADPH + H+",100.892303872157,100.892303872157,100.892303872157,100.892303872157
"294","ABUTD 4-Aminobutyraldehyde + NAD+ + H2O --> 4-Aminobutanoate + NADH + H+",100.89230387213,100.89230387213,100.89230387213,100.89230387213
"295","ARGDCm L-Arginine --> Agmatine + CO2",100.892303872229,100.892303872229,100.892303872229,100.892303872229
"296","AGMTm Agmatine + H2O --> Putrescine + Urea",100.892303872157,100.892303872157,100.892303872157,100.892303872157
"297","PTRCAT1m mitoMap Acetyl-CoA + Putrescine --> CoA + N-Acetylputrescine",100.892303872119,100.892303872119,100.892303872119,100.892303872119
"298","APRTO2m mitoMap N-Acetylputrescine + H2O + Oxygen --> N4-Acetylaminobutanal + Ammonia + Hydrogen peroxide",100.892303872119,100.892303872119,100.892303872119,100.892303872119
"299","NABTNOm N4-Acetylaminobutanal + NAD+ + H2O --> 4-Acetamidobutanoate + NADH + H+",100.89230387245,100.89230387245,100.89230387245,100.89230387245
"300","4aabutn mitoMap 4-Acetamidobutanoate + H2O --> 4-Aminobutanoate + Acetate",100.89230387235,100.89230387235,100.89230387235,100.89230387235
"301","GLUDC L-Glutamate --> 4-Aminobutanoate + CO2",100.892303872424,100.892303872424,100.892303872424,100.892303872424
"302","4ABUTtm 4-aminobutanoate (GABA) mitochondrial transport",100.89230387243,100.89230387243,100.89230387243,100.89230387243
"303","ABTArm 4-Aminobutanoate + 2-Oxoglutarate --> Succinate semialdehyde + L-Glutamate",100.892303872154,100.892303872154,100.892303872154,100.892303872154
"304","r0178 Succinate semialdehyde + NAD+ + H2O --> Succinate + NADH + H+",100.892303872159,100.892303872159,100.892303872159,100.892303872159
"305","GLUDxm L-Glutamate + NAD+ + H2O --> 2-Oxoglutarate + NH3 + NADH + H+",100.892303872166,100.892303872166,100.892303872166,100.892303872166
"306","GLUDym L-Glutamate + NADP+ + H2O --> 2-Oxoglutarate + NH3 + NADPH + H+",100.892303872158,100.892303872158,100.892303872158,100.892303872158
"307","GLUDxi L-Glutamate + NAD+ + H2O --> 2-Oxoglutarate + NH3 + NADH + H+",100.892303872156,100.892303872156,100.892303872156,100.892303872156
"308","GLUDy L-Glutamate + NADP+ + H2O --> 2-Oxoglutarate + NH3 + NADPH + H+",100.892303872152,100.892303872152,100.892303872152,100.892303872152
"309","GLNS ATP + L-Glutamate + NH3 --> ADP + Orthophosphate + L-Glutamine",100.892303872182,100.892303872182,100.892303872182,100.892303872182
"310","GLUNm L-Glutamine + H2O --> L-Glutamate + NH3",100.892303872398,100.892303872398,100.892303872398,100.892303872398
"311","GLUN mitoMap L-Glutamine + H2O --> L-Glutamate + NH3",100.89230387213,100.89230387213,100.89230387213,100.89230387213
"312","PGCD 3-Phospho-D-glycerate + NAD+ --> 3-Phosphonooxypyruvate + NADH + H+",100.89230387217,100.89230387217,100.89230387217,100.89230387217
"313","PSERT 3-Phosphonooxypyruvate + L-Glutamate --> O-Phospho-L-serine + 2-Oxoglutarate",100.892303870862,100.892303870862,100.892303870862,100.892303870862
"314","PSP L O-Phospho-L-serine + H2O --> L-Serine + Orthophosphate",100.892303872155,100.892303872155,100.892303872155,100.892303872155
"315","GHMT2r Tetrahydrofolate + L-Serine --> 5,10-Methylenetetrahydrofolate + Glycine + H2O",100.883238891188,100.883238891188,100.883238891188,100.883238891188
"316","FOLR2 Folate + NADPH + H+ --> Dihydrofolate + NADP+",100.89230387213,100.89230387213,100.89230387213,100.89230387213
"317","DHFR Dihydrofolate + NADPH + H+ --> Tetrahydrofolate + NADP+",100.89230387213,100.89230387213,100.89230387213,100.89230387213
"318","MTHFD 5,10-Methylenetetrahydrofolate + NADP+ --> 5,10-Methenyltetrahydrofolate + NADPH",100.883238891197,100.883238891197,100.883238891197,100.883238891197
"319","MTHFC 5,10-Methenyltetrahydrofolate + H2O --> 10-Formyltetrahydrofolate + H+",100.880644269597,100.880644269597,100.880644269597,100.880644269597
"320","FTCD 5-Formiminotetrahydrofolate + H+ --> 5,10-Methenyltetrahydrofolate + Ammonia",100.87124622475,100.87124622475,100.87124622475,100.87124622475
"321","FTHFL Tetrahydrofolate + Formate + ATP --> ADP + Orthophosphate + 10-Formyltetrahydrofolate",100.89230387213,100.89230387213,100.89230387213,100.89230387213
"322","FTHFDH 10-Formyltetrahydrofolate + NADP+ + H2O --> Tetrahydrofolate + CO2 + NADPH + H+",100.880644269595,100.880644269595,100.880644269595,100.880644269595
"323","r0060 L-Serine --> Pyruvate + Ammonia",100.892303872155,100.892303872155,100.892303872155,100.892303872155
"324","GHMT2rm Tetrahydrofolate + L-Serine --> 5,10-Methylenetetrahydrofolate + Glycine + H2O",100.880952380406,100.880952380406,100.880952380406,100.880952380406
"325","GCCam Glycine + Lipoylprotein --> S-Aminomethyldihydrolipoylprotein + CO2",100.880952380404,100.880952380404,100.880952380404,100.880952380404
"326","GCCbim S-Aminomethyldihydrolipoylprotein + Tetrahydrofolate --> Dihydrolipoylprotein + 5,10-Methylenetetrahydrofolate + Ammonia",100.880952380406,100.880952380406,100.880952380406,100.880952380406
"327","GCCcm Dihydrolipoylprotein + NAD+ --> Lipoylprotein + NADH + H+",100.880952380394,100.880952380394,100.880952380394,100.880952380394
"328","r0514 Folate + NADPH + H+ --> Dihydrofolate + NADP+",100.892303872159,100.892303872159,100.892303872159,100.892303872159
"329","r0226 Dihydrofolate + NADPH + H+ --> Tetrahydrofolate + NADP+",100.892303872157,100.892303872157,100.892303872157,100.892303872157
"330","MTHFDm 5,10-Methylenetetrahydrofolate + NADP+ --> 5,10-Methenyltetrahydrofolate + NADPH",100.892303872121,100.892303872121,100.892303872121,100.892303872121
"331","MTHFD2m 5,10-Methylenetetrahydrofolate + NAD+ --> 5,10-Methenyltetrahydrofolate + NADH",100.892303872039,100.892303872039,100.892303872039,100.892303872039
"332","MTHFCm 5,10-Methenyltetrahydrofolate + H2O --> 10-Formyltetrahydrofolate + H+",100.892303872158,100.892303872158,100.892303872154,100.892303872154
"333","FTHFLm Tetrahydrofolate + Formate + ATP --> ADP + Orthophosphate + 10-Formyltetrahydrofolate",100.892303872148,100.892303872148,100.892303872148,100.892303872148
"334","FTHFDHm mitoMap 10-Formyltetrahydrofolate + NADP+ + H2O --> Tetrahydrofolate + CO2 + NADPH + H+",100.892303872147,100.892303872147,100.892303872147,100.892303872147
"335","GLYATm Acetyl-CoA + Glycine --> CoA + L-2-Amino-3-oxobutanoic acid",100.892303872158,100.892303872158,100.892303872158,100.892303872158
"336","AOBUTDsm L-2-Amino-3-oxobutanoic acid --> Aminoacetone + CO2",100.892303875259,100.892303875259,100.892303875259,100.892303875259
"337","AACTOORm mitoMap Aminoacetone + H2O + Oxygen --> Methylglyoxal + Ammonia + Hydrogen peroxide",100.892303875259,100.892303875259,100.892303875259,100.892303875259
"338","LGTHLm mitoMap Glutathione + Methylglyoxal -->(R)-S-Lactoylglutathione",100.892303870751,100.892303870751,100.892303870751,100.892303870751
"339","GLYOXm (R)-S-Lactoylglutathione + H2O --> Glutathione + (R)-Lactate",100.892303875257,100.892303875257,100.892303875257,100.892303875257
"340","LDH Dm mitoMap (R)-Lactate + NAD+ --> Pyruvate + NADH + H+",100.892303872158,100.892303872158,100.892303872158,100.892303872158
"341","CBPSam 2 ATP + Ammonia + HCO3 --> 2 ADP + Orthophosphate + Carbamoyl phosphate",100.892303872206,100.892303872206,100.892303872206,100.892303872206
"342","OCBTm Carbamoyl phosphate + L-Ornithine --> Orthophosphate + L-Citrulline",100.89230387213,100.89230387213,100.89230387213,100.89230387213
"343","NOS1 L-Arginine + Oxygen + NADPH + H+ --> N-(omega)-Hydroxyarginine + NADP+ + H2O",100.892303872158,100.892303872158,100.892303872158,100.892303872158
"344","NOS2 NADPH + 2 N-(omega)-Hydroxyarginine + 2 Oxygen + H+ --> NADP+ + 2 Nitric oxide + 2 L-Citrulline + 2 H2O",100.892303872158,100.892303872158,100.892303872158,100.892303872158
"345","r0129 Glutathione + H2O --> Cys-Gly + L-Glutamate",100.89230387213,100.89230387213,100.89230387213,100.89230387213
"346","AMPTASECG Cys-Gly + H2O --> L-Cysteine + Glycine",100.89230387213,100.89230387213,100.89230387213,100.89230387213
"347","GLUCYS ATP + L-Glutamate + L-Cysteine --> ADP + Orthophosphate + gamma-L-Glutamyl-L-cysteine",100.892303872138,100.892303872138,100.892303872138,100.892303872138
"348","GTHS ATP + gamma-L-Glutamyl-L-cysteine + Glycine --> ADP + Orthophosphate + Glutathione",100.892303872198,100.892303872198,100.892303872198,100.892303872198
"349","r0399 Tetrahydrobiopterin + L-Phenylalanine + Oxygen --> Dihydrobiopterin + L-Tyrosine + H2O",100.892303872467,100.892303872467,100.892303872467,100.892303872467
"350","DHPR Dihydrobiopterin + NADH + H+ --> Tetrahydrobiopterin + NAD+",100.892303872156,100.892303872156,100.892303872156,100.892303872156
"351","TYRTA L-Tyrosine + 2-Oxoglutarate --> 3-(4-Hydroxyphenyl)pyruvate + L-Glutamate",100.892303872157,100.892303872157,100.892303872157,100.892303872157
"352","TYRTB mitoMap L-Tyrosine + H2O + Oxygen --> 3-(4-Hydroxyphenyl)pyruvate + Ammonia + Hydrogen peroxide",100.892303872156,100.892303872156,100.892303872156,100.892303872156
"353","34HPPOR 3-(4-Hydroxyphenyl)pyruvate + Oxygen --> Homogentisate + CO2",100.892303872141,100.892303872141,100.892303872141,100.892303872141
"354","HGNTOR Homogentisate + Oxygen --> 4-Maleylacetoacetate",100.892303872051,100.892303872051,100.892303872051,100.892303872051
"355","MACACI 4-Maleylacetoacetate --> 4-Fumarylacetoacetate",100.892303872081,100.892303872081,100.892303872081,100.892303872081
"356","FUMAC 4-Fumarylacetoacetate + H2O --> Acetoacetate + Fumarate",100.892303872081,100.892303872081,100.892303872081,100.892303872081
"357","ASNS1 ATP + L-Aspartate + L-Glutamine + H2O --> AMP + Diphosphate + L-Asparagine + L-Glutamate",100.89230387213,100.89230387213,100.89230387213,100.89230387213
"358","r0127 L-Asparagine + H2O --> L-Aspartate + Ammonia",100.875290894387,100.875290894387,100.875290894387,100.875290894387
"359","HISD L-Histidine --> Urocanate + Ammonia",100.871246224815,100.871246224815,100.871246224815,100.871246224815
"360","URCN Urocanate + H2O --> 4-Imidazolone-5-propanoate",100.87124622475,100.87124622475,100.87124622475,100.87124622475
"361","IZPN 4-Imidazolone-5-propanoate + H2O --> N-Formimino-L-glutamate",100.871246224749,100.871246224749,100.871246224749,100.871246224749
"362","GluForTx 5-Formiminotetrahydrofolate + L-Glutamate --> Tetrahydrofolate + N-Formimino-L-glutamate",100.871246224784,100.871246224784,100.871246224784,100.871246224784
"363","APAT2rm beta-Alanine + 2-Oxoglutarate --> 3-Oxopropanoate + L-Glutamate",100.892303872076,100.892303872076,100.892303872076,100.892303872076
"364","MMSAD3m 3-Oxopropanoate + CoA + NAD+ --> Acetyl-CoA + CO2 + NADH + H+",100.89230387213,100.89230387213,100.89230387213,100.89230387213
"365","MMSAD3m2 mitoMap 3-Oxopropanoate + CoA + NADP+ --> Acetyl-CoA + CO2 + NADPH + H+",100.892303872166,100.892303872166,100.892303872166,100.892303872166
"366","ASP1DC L-Aspartate --> beta-Alanine + CO2",100.89230387213,100.89230387213,100.89230387213,100.89230387213
"367","CKc ATP + Creatine --> ADP + Phosphocreatine",100.892303872159,100.892303872159,100.892303872165,100.892303872165
"368","CK ATP + Creatine --> ADP + Phosphocreatine",100.892303872168,100.892303872168,100.892303872168,100.892303872168
"369","ACOAHi Acetyl-CoA + H2O --> CoA + Acetate",100.892303872119,100.892303872119,100.892303872119,100.892303872119
"370","ALCD2yf Ethanol + NADP+ --> Acetaldehyde + NADPH + H+",100.89230387213,100.89230387213,100.89230387213,100.89230387213
"371","ALCD2if Ethanol + NAD+ --> Acetaldehyde + NADH + H+",100.89230387213,100.89230387213,100.89230387213,100.89230387213
"372","ACALDtm Acetaldehyde diffusion into mitochondrion",100.892303872153,100.892303872153,100.892303872153,100.892303872153
"373","ALDD2xm Acetaldehyde + NAD+ + H2O --> Acetate + NADH + H+",100.89230387219,100.89230387219,100.89230387219,100.89230387219
"374","ALDD2x Acetaldehyde + NAD+ + H2O --> Acetate + NADH + H+",100.89230387213,100.89230387213,100.89230387213,100.89230387213
"375","ACSm ATP + Acetate + CoA --> AMP + Diphosphate + Acetyl-CoA",100.89230387219,100.89230387219,100.89230387219,100.89230387219
"376","ACS ATP + Acetate + CoA --> AMP + Diphosphate + Acetyl-CoA",100.892303872264,100.892303872264,100.892303872264,100.892303872264
"377","ADSL1 N6-(1,2-Dicarboxyethyl)-AMP --> Fumarate + AMP",100.892303872151,100.892303872151,100.892303872151,100.892303872151
"378","ADSS GTP + IMP + L-Aspartate --> GDP + Orthophosphate + N6-(1,2-Dicarboxyethyl)-AMP",100.892303872157,100.892303872157,100.892303872157,100.892303872157
"379","AMPD1 AMP + H2O --> IMP + Ammonia",100.892303872159,100.892303872159,100.892303872159,100.892303872159
"380","ARGN L-Arginine + H2O --> L-Ornithine + Urea",100.89230387213,100.89230387213,100.89230387213,100.89230387213
"381","ARGSL N-(L-Arginino)succinate --> Fumarate + L-Arginine",100.892303872179,100.892303872179,100.892303872179,100.892303872179
"382","ARGSS ATP + L-Citrulline + L-Aspartate --> AMP + Diphosphate + N-(L-Arginino)succinate",100.892303872199,100.892303872199,100.892303872199,100.892303872199
"383","ARGNm L-Arginine + H2O --> L-Ornithine + Urea",100.892303872154,100.892303872154,100.892303872154,100.892303872154
"384","ALASm Succinyl-CoA + Glycine --> 5-Aminolevulinate + CoA + CO2",100.892303872153,100.892303872153,100.892303872153,100.892303872153
"385","5AOPtm 5-Aminolevulinate transport out of mitochondrion",100.892303872155,100.892303872155,100.89230387216,100.89230387216
"386","PPBNGS 2 5-Aminolevulinate --> Porphobilinogen + 2 H2O",100.892303872154,100.892303872154,100.892303872154,100.892303872154
"387","HMBS 4 Porphobilinogen + H2O --> Hydroxymethylbilane + 4 Ammonia",100.892303872175,100.892303872175,100.892303872175,100.892303872175
"388","UPP3S Hydroxymethylbilane --> Uroporphyrinogen III + H2O",100.892303872173,100.892303872173,100.892303872173,100.892303872173
"389","UPPDC1 Uroporphyrinogen III --> Coproporphyrinogen III + 4 CO2",100.892303872201,100.892303872201,100.892303872201,100.892303872201
"390","CPPPGO Coproporphyrinogen III + Oxygen --> Protoporphyrinogen IX + 2 CO2 + 2 H2O",100.89230387213,100.89230387213,100.89230387213,100.89230387213
"391","PPPGOmB mitoMap Protoporphyrinogen IX + 3 Oxygen --> Protoporphyrin + 3 Hydrogen peroxide",100.892303872158,100.892303872158,100.892303872158,100.892303872158
"392","FCLTm Protoporphyrin + Fe2+ --> Heme + 2 H+",100.892303872098,100.892303872098,100.892303872098,100.892303872098
"393","PHEMEtm Heme transport out of mitochondrion",100.892303872153,100.892303872153,100.892303872153,100.892303872153
"394","HOXG Heme + 3 NADPH + 3 Oxygen --> Globin + Biliverdin + CO + Fe2+ + 3 NADP + 3 H2O",100.892303872155,100.892303872155,100.892303872155,100.892303872155
"395","BILIRED Biliverdin + NADPH + H+ --> Bilirubin + NADP+",100.89230387213,100.89230387213,100.89230387213,100.89230387213
"396","BILIRED2 mitoMap Biliverdin + NADH + H+ --> Bilirubin + NAD+",100.892303871903,100.892303871903,100.892303871903,100.892303871903
"397","PCHOLPm hs Phosphatidylcholine + H2O --> Phosphatidate + Choline",100.892303872156,100.892303872156,100.892303872156,100.892303872156
"398","GLYK ATP + Glycerol --> ADP + sn-Glycerol 3-phosphate",100.872941875646,100.872941875646,100.872941875646,100.872941875646
"399","GLYC3Ptm Glycerol 3-phosphate transport - diffusion",100.892303872403,100.892303872403,100.892303872403,100.892303872403
"400","GPAMm hsB mitoMap sn-Glycerol 3-phosphate + Acyl-CoA --> 1-Acyl-sn-glycerol 3-phosphate + CoA",100.89230387213,100.89230387213,100.89230387213,100.89230387213
"401","AGPAT1B mitoMap 1-Acyl-sn-glycerol 3-phosphate + Acyl-CoA --> Phosphatidate + CoA",100.89230387213,100.89230387213,100.89230387213,100.89230387213
"402","CDSm CTP + Phosphatidate --> Diphosphate + CDP-diacylglycerol",100.892303872479,100.892303872479,100.892303872479,100.892303872479
"403","PGPPTm CDP-diacylglycerol + sn-Glycerol 3-phosphate --> CMP + Phosphatidylglycerophosphate",100.89230387213,100.89230387213,100.89230387213,100.89230387213
"404","PGPP hsm mitoMap Phosphatidylglycerophosphate + H2O --> Phosphatidylglycerol + Orthophosphate",100.89230387213,100.89230387213,100.89230387213,100.89230387213
"405","CLS hsm mitoMap Phosphatidylglycerol + CDP-diacylglycerol --> Cardiolipin + CMP",100.892303871287,100.892303871287,100.892303871287,100.892303871287
"406","CLPN mitoMap 2 Phosphatidylglycerol --> Cardiolipin + Glycerol",100.892303871689,100.892303871689,100.892303871689,100.892303871689
"407","CYTK1m ATP + CMP --> ADP + CDP",100.892303872157,100.892303872157,100.892303872157,100.892303872157
"408","NDPK3m ATP + CDP --> ADP + CTP",100.892303872155,100.892303872155,100.892303872155,100.892303872155
"409","SPODMm 2 O2.- + 2 H+ --> H2O2 + Oxygen",69.8955549941286,69.8955549941286,69.8955549941286,69.8955549941286
"410","GTHP H2O2 + 2 Glutathione --> Glutathione disulfide + 2 H2O",100.892303872208,100.892303872208,100.892303872208,100.892303872208
"411","GTHPm H2O2 + 2 Glutathione --> Glutathione disulfide + 2 H2O",69.8955549941325,69.8955549941325,69.8955549941325,69.8955549941325
"412","GTHO Glutathione disulfide + NADPH + H+ --> 2 Glutathione + NADP+",100.892303872157,100.892303872157,100.892303872157,100.892303872157
"413","GTHOm Glutathione disulfide + NADPH + H+ --> 2 Glutathione + NADP+",69.8955549941325,69.8955549941325,69.8955549941325,69.8955549941325
"414","CITtamB Citrate Carrier (CIC) - Citrate for Malate",100.892303872637,100.892303872637,100.892303872637,100.892303872637
"415","r0913 Citrate Carrier (CIC) - Isocitrate for Malate",100.892303872169,100.892303872169,100.892303872169,100.892303872169
"416","CITtbm Citrate Carrier (CIC) - Citrate for PEP",100.882184823649,100.882184823649,100.882184823649,100.882184823649
"417","r0917 Citrate Carrier (CIC) - Citrate for Isocitrate",100.892303872159,100.892303872159,100.892303872159,100.892303872159
"418","r0917b mitoMap Citrate Carrier (CIC) - Citrate for Isocitrate",100.892303872198,100.892303872198,100.892303872198,100.892303872198
"419","PIt2mB mitoMap Phosphate carrier (PIC) - Symport phosphate and H+ together",96.2571808552107,96.2571808552107,96.2571808552107,96.2571808552107
"420","ATPtmB mitoMap ADP/ATP carrier - antiport ATP for ADP",100.892303872154,100.892303872154,100.892303872154,100.892303872154
"421","HtmB mitoMap UCP uncoupling protein - Proton Cyto to Proton Mito",100.89230387213,100.89230387213,100.89230387213,100.89230387213
"422","MALtm Dicarboxylate carrier (DIC) - antiport malate for phosphate",100.892303872156,100.892303872156,100.892303872156,100.892303872156
"423","MALSO3tm Dicarboxylate carrier (DIC) - antiport malate for sulfite",100.892303872154,100.892303872154,100.892303872154,100.892303872154
"424","MALTSULtm Dicarboxylate carrier (DIC) - antiport malate for thiosulfate",100.892303872156,100.892303872156,100.892303872156,100.892303872156
"425","MALSO4tm Dicarboxylate carrier (DIC) - antiport malate for sulfate",100.89230387216,100.89230387216,100.89230387216,100.89230387216
"426","SUCCt2m Dicarboxylate carrier (DIC) - antiport succinate for phosphate",100.892303872161,100.892303872161,100.892303872161,100.892303872161
"427","r0830 Dicarboxylate carrier (DIC) - antiport succinate for sulfite",100.89230387215,100.89230387215,100.89230387215,100.89230387215
"428","r0830B mitoMap Dicarboxylate carrier (DIC) - antiport succinate for thiosulfate",100.892303872212,100.892303872212,100.892303872212,100.892303872212
"429","r0829 Dicarboxylate carrier (DIC) - antiport succinate for sulfate",100.892303872223,100.892303872223,100.892303872223,100.892303872223
"430","SUCCt3m mitoMap Dicarboxylate carrier (DIC) - antiport succinate for malate",100.89230387216,100.89230387216,100.89230387216,100.89230387216
"431","COAtmB mitoMap CoA carrier (CoAPC) - antiport CoA for AMP",100.89230387213,100.89230387213,100.89230387213,100.89230387213
"432","COAtmC mitoMap CoA carrier (CoAPC) - antiport CoA for ADP",100.89230387213,100.89230387213,100.89230387213,100.89230387213
"433","GLUt2mB mitoMap Glutamate Carrier (GC2) - Symport L-glutamate with proton together",100.815492918248,100.815492918248,100.815492918248,100.815492918248
"434","ORNt4mB mitoMap Ornithine carrier (ORC1) - antiport ornithine for citrulline",100.89230387216,100.89230387216,100.89230387216,100.89230387216
"435","r2398B mitoMap Ornithine carrier (ORC1) - antiport lysine for citrulline",100.892303872156,100.892303872156,100.892303872156,100.892303872156
"436","r2402B mitoMap Ornithine carrier (ORC1) - arginine for citrulline",100.892303872184,100.892303872184,100.892303872184,100.892303872184
"437","LYStmB mitoMap Basic amino acid carrier (hBAC) - lysine",100.892303872174,100.892303872174,100.892303872165,100.892303872165
"438","ORNt3mB mitoMap Basic amino acid carrier (hBAC) - ornithine",100.892303872155,100.892303872155,100.892303872155,100.892303872155
"439","ARGtmB mitoMap Basic amino acid carrier (hBAC) - arginine",100.892303872155,100.892303872155,100.892303872155,100.892303872155
"440","r1427 Basic amino acid carrier (hBAC) - L-histidine",100.89230387213,100.89230387213,100.89230387213,100.89230387213
"441","PYRt2m Pyruvate Carrier - pyruvate transport via proton symport",98.5311061011418,98.5311061011418,98.5311061011418,98.5311061011418
"442","ACACt2mB mitoMap Pyruvate Carrier - Acetoacetate transport via proton symport",100.805015130817,100.805015130817,100.805015130817,100.805015130817
"443","FE2tm MitoFerrin carrier",100.892303872158,100.892303872158,100.892303872157,100.892303872157
"444","ASNtm Unknown amino acid carrier - L-Asparagine",100.892303872454,100.892303872454,100.892303872454,100.892303872454
"445","r1437 Unknown amino acid carrier - L-Cysteine",100.892255223508,100.892255223508,100.892255223508,100.892255223508
"446","GLNtm Unknown amino acid carrier - L-Glutamine",100.892303872163,100.892303872163,100.892303872163,100.892303872163
"447","PROtm Unknown amino acid carrier - L-Proline",100.886725011061,100.886725011061,100.886725011061,100.886725011061
"448","r1078 Unknown amino acid carrier - L-Tyrosine",100.892303872403,100.892303872403,100.892303872403,100.892303872403
"449","r1436 Unknown amino acid carrier - L-Methionine",100.89230387213,100.89230387213,100.89230387213,100.89230387213
"450","r1455 Unknown amino acid carrier - L-Phenylalanine",100.89230387213,100.89230387213,100.89230387213,100.89230387213
"451","TRPtm mitoMap Unknown amino acid carrier - L-Tryptophan",100.89230387213,100.89230387213,100.89230387213,100.89230387213
"452","GLYtm Unknown amino acid carrier - Glycine",100.880952380184,100.880952380184,100.880952380184,100.880952380184
"453","ILEt5m Unknown amino acid carrier - L-Isoleucine",100.886750386192,100.886750386192,100.886750386192,100.886750386192
"454","LEUt5m Unknown amino acid carrier - L-Leucine",100.881765604782,100.881765604782,100.881765604782,100.881765604782
"455","VALt5m Unknown amino acid carrier - L-Valine",100.882048353761,100.882048353761,100.882048353761,100.882048353761
"456","r1434 Unknown amino acid carrier - L-Alanine",100.8922552235,100.8922552235,100.8922552235,100.8922552235
"457","r1435 Unknown amino acid carrier - L-Serine",100.880952380404,100.880952380404,100.880952380404,100.880952380404
"458","r1440 Unknown amino acid carrier - L-Threonine",100.892303872172,100.892303872172,100.892303872172,100.892303872172
"459","BALAtmr Beta-alanine reversible mitochondrial transport (diffusion)",100.892303871997,100.892303871997,100.892303871997,100.892303871997
"460","UREAtm Urea transport",100.892303872179,100.892303872179,100.892303872179,100.892303872179
"461","FUMtmB mitoMap Fumarate transport",100.89230387213,100.89230387213,100.89230387213,100.89230387213
"462","BHBtmB mitoMap (R)-3-Hydroxybutanoate mitochondrial transport",100.834415968282,100.834415968282,100.834415968282,100.834415968282
"463","PPAtmB mitoMap Propanoate mitochondrial transport",100.892303872154,100.892303872154,100.892303872154,100.892303872154
"464","BUTt2mB mitoMap Butyrate mitochondrial transport",100.892303872159,100.892303872159,100.892303872159,100.892303872159
"465","FORt2mB mitoMap Formate mitochondrial transport",100.892303872087,100.892303872087,100.892303872087,100.892303872087
"466","r0962B mitoMap Folate mitochondrial transport",100.892303872164,100.892303872164,100.892303872164,100.892303872164
"467","CHLtmB mitoMap Choline mitochondrial transport",100.892303872157,100.892303872157,100.892303872157,100.892303872157
"468","CO2tm CO2 transport (diffusion), mitochondrial",35.7299415145092,35.7299415145092,35.7299415145092,35.7299415145092
"469","H2Otm H2O transport, mitochondrial",15.9681956521706,15.9681956521706,15.9681956521706,15.9681956521706
"470","O2tm O2 transport (diffusion)",1.84650990991122,1.84650990991122,1.84650990990987,1.84650990990987
"471","GLYCtm glycerol transport",100.892303872117,100.892303872117,100.892303872117,100.892303872117
"472","CYANtm Cyanide transport via diffusion",100.892303871903,100.892303871903,100.892303871903,100.892303871903
"473","TCYNTtmB mitoMap Thiocyanate transport via diffusion (mitochondrial)",100.892303872164,100.892303872164,100.892303872164,100.892303872164
"474","CREATtmdiffir Creatine transport to/from mitochondria",100.892303872236,100.892303872236,100.892303872236,100.892303872236
"475","PCREATtmdiffirB mitoMap Phosphocreatine transport to/from mitochondria",100.892303872157,100.892303872157,100.892303872157,100.892303872157
"476","r0941 Bicarbonate diffusion",100.863710174671,100.863710174671,100.863710174671,100.863710174671
"477","r0838B mitoMap Ammonia free diffusion",100.755766124467,100.755766124467,100.755766124467,100.755766124467
"478","Biomasst mitoMap Biomass pseudo transport",100.892303874425,100.892303874425,100.892303874425,100.892303874425
"479","PCFLOPm phosphatidylcholine flippase",100.892303872156,100.892303872156,100.892303872156,100.892303872156
"480","PSFLIPm phosphatidylserine flippase",100.892303874488,100.892303874488,100.892303874488,100.892303874488
"481","PEFLIPm phosphatidylethanolamine flippase",100.892303874488,100.892303874488,100.892303874488,100.892303874488
"482","Biomass mitoMap Biomass Sink",0,0,0,0
"483","O2t o2 transport (diffusion)",1.8465099099106,1.8465099099106,1.8465099099106,1.8465099099106
"484","CO2t CO2 transporter via diffusion",12.9168682398731,12.9168682398731,12.9168682398731,12.9168682398731
"485","HCO3t mitoMap Bicarbonate diffusion",100.863710174667,100.863710174667,100.863710174667,100.863710174667
"486","GLCt1r glucose transport",97.4018597918635,97.4018597918635,97.4018597918635,97.4018597918635
"487","HDCAtr fatty acid transport via diffusion",49.9105042377182,49.9105042377182,49.9105042377182,49.9105042377182
"488","HDCAtm mitoMap fatty acid accumulation - mitochondria",100.892303872155,100.892303872155,100.892303872155,100.892303872155
"489","L LACt2r L-lactate reversible transport via proton symport",100.352300902144,100.352300902144,100.352300902144,100.352300902144
"490","BHBt (R)-3-Hydroxybutanoate transport via H+ symport",100.834415968281,100.834415968281,100.834415968281,100.834415968281
"491","ACACt2 acetoacetate transport via proton symport",100.805015131021,100.805015131021,100.805015131021,100.805015131021
"492","ETOHt ethanol reversible transport",100.89230387213,100.89230387213,100.89230387213,100.89230387213
"493","BUTt2r Butyrate transport via proton symport, reversible",100.892303871524,100.892303871524,100.892303871524,100.892303871524
"494","GLYCt glycerol transport via channel",100.87294187575,100.87294187575,100.87294187575,100.87294187575
"495","r0942 Creatine storage",100.89230387213,100.89230387213,100.89230387213,100.89230387213
"496","r0942b mitoMap Phosphocreatine storage",100.89230387213,100.89230387213,100.89230387213,100.89230387213
"497","HIStiDF L-histidine transport via diffusion (extracellular to cytosol)",100.871246224752,100.871246224752,100.871246224752,100.871246224752
"498","ILEtec L-isoleucine transport via diffusion (extracellular to cytosol)",100.886750386208,100.886750386208,100.886750386208,100.886750386208
"499","LEUtec L-leucine transport via diffusion (extracellular to cytosol)",100.881765605109,100.881765605109,100.881765605109,100.881765605109
"500","LYStiDF L-lysine transport via diffusion (extracellular to cytosol)",100.826402325994,100.826402325994,100.826402325994,100.826402325994
"501","METtec L-methionine transport via diffusion (extracellular to cytosol)",100.892303872155,100.892303872155,100.892303872155,100.892303872155
"502","PHEtec L-phenylalanine transport via diffusion (extracellular to cytosol)",100.892303872467,100.892303872467,100.892303872467,100.892303872467
"503","r2534 L-threonine transport",100.884283151126,100.884283151126,100.884283151126,100.884283151126
"504","TRPt L-tryptophan transport",100.892303872158,100.892303872158,100.892303872158,100.892303872158
"505","VALtec L-valine transport via diffusion (extracellular to cytosol)",100.882048353762,100.882048353762,100.882048353762,100.882048353762
"506","ARGtiDF L-arginine transport via diffusion (extracellular to cytosol)",100.875011097718,100.875011097718,100.875011097718,100.875011097718
"507","ASPte L-aspartate transport",100.626298560077,100.626298560077,100.626298560077,100.626298560077
"508","CYStec L-cysteine transport via diffusion (extracellular to cytosol)",100.890824195999,100.890824195999,100.890824195999,100.890824195999
"509","GLUt mitoMap L-glutamate transport",100.892303872157,100.892303872157,100.892303872157,100.892303872157
"510","r2525 L glutamine transport",100.89230387213,100.89230387213,100.89230387213,100.89230387213
"511","GLYt2r glycine reversible transport via proton symport",100.883966926766,100.883966926766,100.883966926766,100.883966926766
"512","PROt2r L-proline reversible transport via proton symport",100.88672501102,100.88672501102,100.88672501102,100.88672501102
"513","r2526 L-serine transport",100.869120996279,100.869120996279,100.869120996279,100.869120996279
"514","TYRt L-tyrosine transport",100.892303872257,100.892303872257,100.892303872257,100.892303872257
"515","r2532 L-asparagine transport",100.875290894506,100.875290894506,100.875290894506,100.875290894506
"516","ALAt2r L-alanine reversible transport via proton symport",100.87799359723,100.87799359723,100.87799359723,100.87799359723
"517","FUMt mitoMap Fumarate transport",100.892303869861,100.892303869861,100.892303869861,100.892303869861
"518","SUMt mitoMap Succinate transport",100.89230387213,100.89230387213,100.89230387213,100.89230387213
"519","r0817 Citrulline transport",100.892303872143,100.892303872143,100.892303872143,100.892303872143
"520","NH4t3r ammonia transport via proton antiport",100.479467932067,100.479467932067,100.479467932067,100.479467932067
"521","ACt2r acetate reversible transport via proton symport",100.892303872187,100.892303872187,100.892303872187,100.892303872187
"522","PPAt Propanoate transport, diffusion",100.89230387216,100.89230387216,100.89230387216,100.89230387216
"523","2HBt2 2-hydroxybutyrate cotransport with proton",100.892303872117,100.892303872117,100.892303872117,100.892303872117
"524","CHOLtu Choline uniport",100.892303874425,100.892303874425,100.892303874425,100.892303874425
"525","r1088 Citrate transport",100.89230387213,100.89230387213,100.89230387213,100.89230387213
"526","ICITt mitoMap Isocitrate transport",100.89230387213,100.89230387213,100.89230387213,100.89230387213
"527","UREAt Urea transport via facilitate diffusion",100.875011097636,100.875011097636,100.875011097636,100.875011097636
"528","r1512 Bilirubin transport",100.892303872154,100.892303872154,100.892303872154,100.892303872154
"529","ARGSUCt mitoMap Argininosuccinate transport",100.892303872155,100.892303872155,100.892303872155,100.892303872155
"530","MAL Lte Malate transport",100.89230387213,100.89230387213,100.89230387213,100.89230387213
"531","OAAt mitoMap Oxaloacetate transport",100.89230387213,100.89230387213,100.89230387213,100.89230387213
"532","AKGt mitoMap 2-Oxoglutarate transport",100.89230387213,100.89230387213,100.89230387213,100.89230387213
"533","MERCPLACt mitoMap 3-Mercaptolactate transport",100.89230387213,100.89230387213,100.89230387213,100.89230387213
"534","r0899 Beta-alanine",100.89230387213,100.89230387213,100.89230387213,100.89230387213
"535","FE2t iron (II) transport",100.892303872095,100.892303872095,100.892303872095,100.892303872095
"536","H2Ot H2O transport via diffusion",84.2705415267158,84.2705415267158,84.2705415267158,84.2705415267158
"537","Hct mitoMap Proton escape - cytosolic",98.9488431828992,98.9488431828992,98.9488431828992,98.9488431828992
"538","Hmt mitoMap Proton escape - mitochondrial",99.5509234805145,99.5509234805145,99.5509234805145,99.5509234805145
"539","SO3t mitoMap Sulfite",100.89225522351,100.89225522351,100.89225522351,100.89225522351
"540","TSULt mitoMap Thiosulfate",100.892255221253,100.892255221253,100.892255221253,100.892255221253
"541","r0940 hydrogen sulfide",100.892303872149,100.892303872149,100.892303872149,100.892303872149
"542","CYANt Cyanide transport via diffusion (extracellular to cytosol)",100.892303872156,100.892303872156,100.892303872156,100.892303872156
"543","TCYNTt Thiocyanate",100.892303872154,100.892303872154,100.892303872154,100.892303872154
"544","r1423 Phosphate facilitated diffusion",100.892303872146,100.892303872146,100.892303872146,100.892303872146
"545","FORt mitoMap Formate",100.892303872193,100.892303872193,100.892303872193,100.892303872193
"546","FOLt mitoMap Folate",100.89230387213,100.89230387213,100.89230387213,100.89230387213
"547","NADHt mitoMap NADH pool",100.89230387213,100.89230387213,100.89230387213,100.89230387213
"548","NADt mitoMap NAD+ pool",100.89230387213,100.89230387213,100.89230387213,100.89230387213
"549","NADHtm mitoMap NADH pool mitochondrial",100.89230387213,100.89230387213,100.89230387213,100.89230387213
"550","NADtm mitoMap NAD+ pool mitochondrial",100.89230387213,100.89230387213,100.89230387213,100.89230387213
"551","COt CO transporter via diffusion",100.892303872153,100.892303872153,100.892303872153,100.892303872153
"552","NOt NO transport (diffusion)",100.892303872161,100.892303872161,100.892303872161,100.892303872161
"553","PCHOLHSTDe Phosphatidylcholine",100.892303872236,100.892303872236,100.892303872236,100.892303872236
"554","PSt3 Phosphatidylserine",100.892303874488,100.892303874488,100.892303874488,100.892303874488
"555","PEt Phosphatidylethanolamine",100.892303874488,100.892303874488,100.892303874488,100.892303874488
"556","Carbamoyl-phosphate synthase (glutamine-hydrolysing)",100.892303872161,100.892303872161,100.892303872161,100.892303872161
"557","Aspartate carbamoyltransferase",100.892303872157,100.892303872157,100.892303872157,100.892303872157
"558","Dihydroorotase",100.892303872153,100.892303872153,100.892303872153,100.892303872153
"559","Dihydoorotic acid dehydrogenase (quinone10)",100.89230387213,100.89230387213,100.89230387213,100.89230387213
"560","Orotate demand",100.89230387213,100.89230387213,100.89230387213,100.89230387213
"561","full model",100.89230387213,100.89230387213,1.8465099099074,1.8465099099074
